{
    "version": 2,
    "model_count": 5,
    "model_names": [
        "body_1",
        "body_2",
        "body_3",
        "body_4",
        "body_5"
    ],
    "parameters": {
        "handle_length": 66.3317348,
        "shaft_diameter": 18.5360377,
        "bump_height": 1.7419871,
        "shaft_taper": 0.09948376736367678,
        "block_rise": 6.371847900000001,
        "handle_thickness": 24.3434076,
        "shaft_length": 59.13209380000001,
        "fillet_radius": 1.8765619999999998,
        "block_sink": 8.6361679
    },
    "bounding_box": [
        {
            "min": [
                -57.08400713385188,
                -9.315252823216415,
                -0.02
            ],
            "max": [
                9.314356196243452,
                9.33040739962926,
                67.36790208959104
            ]
        }
    ]
}